county_fips,COUNTY,STATEABBRV,POPULATION,SOVI_SCORE,vulnerability,county_size,damage,deaths,flood_events,mitigation,projects,cents_per_dollar_damage,nri_flood_eal_buildings,priority
47157,Shelby,TN,929552,72.58,High,Largest 25%,3175444215.39,5.0,206.0,6897391.81,8.0,0.22,148519839.55,True
28143,Tunica,MS,9775,94.18,Very high,Smallest 25%,1489572760.98,2.0,13.0,0.0,0.0,0.0,1697707.22,True
48349,Navarro,TX,52568,71.56,High,Mid-large,1442257632.85,4.0,75.0,408172.3,1.0,0.03,6238767.2,True
47053,Gibson,TN,50413,65.43,High,Mid-large,783051085.2,1.0,52.0,2000264.31,1.0,0.26,5133851.97,True
06027,Inyo,CA,18979,83.59,Very high,Small-mid,664230077.4,2.0,249.0,0.0,0.0,0.0,6308470.23,True
35005,Chaves,NM,65065,73.28,High,Mid-large,547410819.64,1.0,75.0,0.0,0.0,0.0,35441971.16,True
48407,San Jacinto,TX,27373,80.92,Very high,Mid-large,477673646.15,3.0,34.0,65693.6,1.0,0.01,4864478.46,True
48373,Polk,TX,49569,80.63,Very high,Mid-large,414820229.79,0.0,38.0,148066.64,1.0,0.04,7096035.29,True
48141,El Paso,TX,864454,85.18,Very high,Largest 25%,338165886.19,5.0,147.0,1270625.03,1.0,0.38,67203975.02,True
05027,Columbia,AR,22769,92.3,Very high,Small-mid,226891049.12,0.0,44.0,160531.31,1.0,0.07,1820894.75,True
29133,Mississippi,MO,12551,65.62,High,Small-mid,224876755.28,0.0,32.0,323427.72,1.0,0.14,1930175.04,True
48265,Kerr,TX,52529,86.16,Very high,Mid-large,208739130.05,118.0,87.0,1389287.72,1.0,0.67,14014639.79,True
42101,Philadelphia,PA,1602305,88.1,Very high,Largest 25%,170414421.94,4.0,212.0,0.0,0.0,0.0,265427459.26,True
48241,Jasper,TX,32905,81.39,Very high,Mid-large,142800886.64,0.0,41.0,0.0,0.0,0.0,5316900.61,True
36061,New York,NY,1693650,96.31,Very high,Largest 25%,139063685.15,0.0,61.0,0.0,1.0,0.0,186490653.15,True
37009,Ashe,NC,26560,84.86,Very high,Mid-large,124432768.53,1.0,77.0,801572.59,1.0,0.64,10925567.48,True
42039,Crawford,PA,83927,77.23,High,Largest 25%,119360480.87,1.0,43.0,0.0,1.0,0.0,21635821.03,True
22053,Jefferson Davis,LA,32235,61.51,High,Mid-large,114816726.17,0.0,31.0,829136.26,6.0,0.72,9518665.76,True
37111,McDowell,NC,44525,66.25,High,Mid-large,113910764.92,1.0,50.0,0.0,0.0,0.0,11476506.02,True
51191,Washington,VA,53894,61.04,High,Mid-large,111971230.77,0.0,37.0,686361.0,2.0,0.61,8430503.36,True
48457,Tyler,TX,19755,90.43,Very high,Small-mid,103533157.23,1.0,32.0,70202.61,5.0,0.07,5339785.26,True
37083,Halifax,NC,48603,93.13,Very high,Mid-large,102386480.18,2.0,39.0,515662.74,2.0,0.5,8752033.6,True
29510,St. Louis,MO,301414,71.88,High,Largest 25%,97171744.42,1.0,34.0,796633.95,1.0,0.82,90719285.17,True
28123,Scott,MS,27923,91.89,Very high,Mid-large,96717494.94,1.0,59.0,0.0,0.0,0.0,3019645.74,True
48049,Brown,TX,38073,71.34,High,Mid-large,95836537.23,2.0,59.0,338191.65,2.0,0.35,6019176.94,True
48299,Llano,TX,21199,91.0,Very high,Small-mid,94562176.42,2.0,79.0,246784.65,1.0,0.26,9895851.74,True
29091,Howell,MO,39672,65.52,High,Mid-large,94017083.81,5.0,274.0,889112.91,3.0,0.95,9872945.01,True
48427,Starr,TX,65565,97.01,Very high,Mid-large,75815284.8,0.0,53.0,70672.49,1.0,0.09,7600554.94,True
36005,Bronx,NY,1471631,99.65,Very high,Largest 25%,73191413.24,0.0,65.0,0.0,0.0,0.0,102107562.37,True
36047,Kings,NY,2735309,96.53,Very high,Largest 25%,73191413.24,2.0,71.0,0.0,0.0,0.0,182491940.61,True
47019,Carter,TN,56264,83.11,Very high,Mid-large,69248350.58,0.0,31.0,94771.52,1.0,0.14,9740010.83,True
51027,Buchanan,VA,20340,85.62,Very high,Small-mid,66805566.99,5.0,52.0,348600.93,2.0,0.52,5349435.81,True
54059,Mingo,WV,23504,93.89,Very high,Small-mid,66467334.2,0.0,60.0,451880.83,2.0,0.68,15431003.83,True
39007,Ashtabula,OH,97518,63.71,High,Largest 25%,61600860.92,0.0,31.0,0.0,0.0,0.0,12341992.32,True
05095,Monroe,AR,6781,91.0,Very high,Smallest 25%,60753007.27,0.0,105.0,0.0,0.0,0.0,1744980.33,True
36013,Chautauqua,NY,127598,70.29,High,Largest 25%,59677867.23,0.0,94.0,373764.48,3.0,0.63,35843437.3,True
28101,Newton,MS,21246,94.37,Very high,Small-mid,58743335.28,0.0,59.0,0.0,0.0,0.0,2622072.44,True
48253,Jones,TX,19599,77.54,High,Small-mid,50342326.58,2.0,30.0,0.0,0.0,0.0,2763419.88,True
20009,Barton,KS,25485,60.37,High,Small-mid,49483079.76,0.0,59.0,283780.31,2.0,0.57,4473890.32,True
47115,Marion,TN,28731,63.96,High,Mid-large,47567649.13,3.0,24.0,0.0,0.0,0.0,7104068.19,True
35027,Lincoln,NM,20041,82.47,Very high,Small-mid,43944099.56,2.0,116.0,0.0,1.0,0.0,10670178.23,True
20049,Elk,KS,2483,81.17,Very high,Smallest 25%,43456960.97,0.0,36.0,0.0,0.0,0.0,1536178.09,True
46135,Yankton,SD,23308,66.57,High,Small-mid,43266594.26,0.0,82.0,396126.45,6.0,0.92,6608489.71,True
05135,Sharp,AR,17262,95.23,Very high,Small-mid,43157599.37,2.0,84.0,0.0,0.0,0.0,4233969.94,True
05117,Prairie,AR,8271,83.11,Very high,Smallest 25%,41257341.34,1.0,91.0,0.0,0.0,0.0,3125555.51,True
47167,Tipton,TN,60942,73.19,High,Mid-large,38137150.76,2.0,53.0,269886.91,3.0,0.71,5450104.47,True
28163,Yazoo,MS,26703,91.19,Very high,Mid-large,35239188.57,3.0,74.0,0.0,1.0,0.0,3539374.5,True
22037,East Feliciana,LA,19513,86.39,Very high,Small-mid,34092886.45,0.0,18.0,0.0,1.0,0.0,5144614.28,True
21043,Carter,KY,26602,61.61,High,Mid-large,33183319.79,2.0,78.0,108184.33,4.0,0.33,8960903.74,True
18027,Daviess,IN,33361,77.64,High,Mid-large,32543715.76,0.0,68.0,0.0,0.0,0.0,6658305.2,True
30053,Lincoln,MT,19614,87.18,Very high,Small-mid,31770172.16,0.0,7.0,0.0,1.0,0.0,7149305.19,True
47123,Monroe,TN,46218,78.53,High,Mid-large,31341322.32,0.0,30.0,0.0,0.0,0.0,7662240.58,True
45075,Orangeburg,SC,84183,94.78,Very high,Largest 25%,31230291.28,2.0,74.0,0.0,1.0,0.0,10455590.62,True
26053,Gogebic,MI,14378,93.51,Very high,Small-mid,30972271.89,0.0,12.0,110260.5,2.0,0.36,2319263.45,True
53047,Okanogan,WA,42016,88.96,Very high,Mid-large,30907225.81,1.0,72.0,0.0,0.0,0.0,22822719.62,True
05075,Lawrence,AR,16184,81.17,Very high,Small-mid,29872812.69,0.0,116.0,0.0,0.0,0.0,4666314.07,True
37153,Richmond,NC,42920,78.94,High,Mid-large,28989804.69,0.0,21.0,0.0,0.0,0.0,5990636.95,True
22035,East Carroll,LA,7455,99.17,Very high,Smallest 25%,28739391.01,0.0,31.0,255218.3,2.0,0.89,430475.3,True
47059,Greene,TN,70100,76.43,High,Largest 25%,27265105.08,1.0,42.0,0.0,0.0,0.0,7204551.16,True
29209,Stone,MO,31002,63.93,High,Mid-large,27181545.03,0.0,118.0,0.0,0.0,0.0,12839036.34,True
05065,Izard,AR,13545,93.16,Very high,Small-mid,26549921.84,0.0,37.0,0.0,0.0,0.0,3546762.04,True
48435,Sutton,TX,3362,82.98,Very high,Smallest 25%,25373726.42,0.0,41.0,0.0,0.0,0.0,1439108.71,True
48267,Kimble,TX,4271,95.36,Very high,Smallest 25%,25321150.43,4.0,35.0,0.0,0.0,0.0,3439018.04,True
48115,Dawson,TX,12428,82.6,Very high,Small-mid,25050173.77,0.0,48.0,0.0,0.0,0.0,1541159.56,True
54015,Clay,WV,8050,95.9,Very high,Smallest 25%,25041836.12,0.0,38.0,0.0,1.0,0.0,4321011.8,True
05083,Logan,AR,21102,65.71,High,Small-mid,24868935.17,0.0,33.0,0.0,0.0,0.0,6005599.44,True
47145,Roane,TN,53371,71.41,High,Mid-large,24502186.74,0.0,35.0,0.0,0.0,0.0,10061149.51,True
22107,Tensas,LA,4133,96.09,Very high,Smallest 25%,24422638.31,0.0,27.0,231381.73,1.0,0.95,536923.23,True
26051,Gladwin,MI,25371,79.87,High,Small-mid,23252113.05,0.0,9.0,0.0,0.0,0.0,5458290.08,True
29215,Texas,MO,24432,77.0,High,Small-mid,22455783.57,1.0,137.0,179545.22,1.0,0.8,3738875.84,True
29067,Douglas,MO,11559,65.11,High,Small-mid,22240176.31,2.0,359.0,47462.33,1.0,0.21,2410353.32,True
08121,Washington,CO,4806,64.57,High,Smallest 25%,21956895.94,0.0,25.0,0.0,0.0,0.0,1507987.56,True
47033,Crockett,TN,13873,81.52,Very high,Small-mid,21743771.66,0.0,41.0,0.0,0.0,0.0,1237108.1,True
12063,Jackson,FL,47249,78.72,High,Mid-large,21467799.08,0.0,117.0,0.0,0.0,0.0,6615671.96,True
13285,Troup,GA,69343,65.55,High,Largest 25%,21108437.38,1.0,14.0,0.0,0.0,0.0,9493562.06,True
36123,Yates,NY,24764,91.98,Very high,Small-mid,20594366.77,0.0,43.0,7863.85,1.0,0.04,8002109.65,True
28079,Leake,MS,21242,95.8,Very high,Small-mid,20563134.01,0.0,44.0,0.0,0.0,0.0,3029264.1,True
29153,Ozark,MO,8514,91.38,Very high,Smallest 25%,19677143.12,1.0,256.0,0.0,0.0,0.0,2236219.66,True
48055,Caldwell,TX,45866,64.66,High,Mid-large,19399839.5,5.0,82.0,0.0,0.0,0.0,4975344.72,True
47161,Stewart,TN,13649,79.29,High,Small-mid,19042147.59,2.0,40.0,0.0,0.0,0.0,1844798.4,True
45041,Florence,SC,136859,70.77,High,Largest 25%,18968830.62,2.0,55.0,157397.21,1.0,0.83,16669754.56,True
29203,Shannon,MO,7014,89.79,Very high,Smallest 25%,18529493.4,2.0,137.0,0.0,0.0,0.0,3000988.72,True
47045,Dyer,TN,36762,75.22,High,Mid-large,18320449.02,0.0,27.0,0.0,0.0,0.0,3367970.27,True
48375,Potter,TX,118502,77.23,High,Largest 25%,17906243.28,2.0,98.0,0.0,0.0,0.0,7299300.16,True
16049,Idaho,ID,16440,64.57,High,Small-mid,17754632.93,0.0,17.0,0.0,2.0,0.0,11751849.68,True
47121,Meigs,TN,12744,77.83,High,Small-mid,17010640.5,0.0,17.0,0.0,0.0,0.0,1867271.08,True
28091,Marion,MS,24425,74.87,High,Small-mid,16861014.78,0.0,78.0,0.0,0.0,0.0,4468388.55,True
05097,Montgomery,AR,8481,96.6,Very high,Smallest 25%,16650260.16,20.0,62.0,0.0,0.0,0.0,3051950.24,True
05137,Stone,AR,12346,85.88,Very high,Small-mid,16447162.35,1.0,42.0,0.0,0.0,0.0,3113612.13,True
45027,Clarendon,SC,31118,90.9,Very high,Mid-large,16129710.42,0.0,19.0,0.0,0.0,0.0,4334329.82,True
26107,Mecosta,MI,39663,64.25,High,Mid-large,16054750.8,0.0,10.0,0.0,0.0,0.0,8215904.8,True
45089,Williamsburg,SC,30987,90.59,Very high,Mid-large,14514644.02,0.0,23.0,0.0,0.0,0.0,5731935.49,True
22061,Lincoln,LA,48370,85.78,Very high,Mid-large,14479048.05,1.0,28.0,74655.71,3.0,0.52,4773254.83,True
51590,Danville,VA,42567,88.17,Very high,Mid-large,14380210.53,2.0,32.0,0.0,0.0,0.0,13708322.6,True
54101,Webster,WV,8359,98.41,Very high,Smallest 25%,14255197.94,0.0,45.0,0.0,2.0,0.0,5074770.11,True
48477,Washington,TX,35781,86.29,Very high,Mid-large,14203386.36,4.0,28.0,0.0,0.0,0.0,7933250.24,True
05101,Newton,AR,7210,96.22,Very high,Smallest 25%,13847423.55,1.0,39.0,0.0,0.0,0.0,1444239.52,True
13123,Gilmer,GA,31286,78.72,High,Mid-large,13816322.83,0.0,28.0,0.0,0.0,0.0,11249576.35,True
05147,Woodruff,AR,6263,93.67,Very high,Smallest 25%,13806619.33,0.0,396.0,0.0,0.0,0.0,1994388.57,True
47063,Hamblen,TN,64438,66.09,High,Mid-large,13367564.01,0.0,20.0,0.0,0.0,0.0,6131323.03,True
13131,Grady,GA,26150,71.02,High,Mid-large,13188185.06,1.0,10.0,69444.04,1.0,0.53,3753496.51,True
05005,Baxter,AR,41603,84.32,Very high,Mid-large,13173382.71,0.0,38.0,0.0,0.0,0.0,7066518.61,True
05049,Fulton,AR,12050,92.88,Very high,Small-mid,13168646.76,1.0,39.0,0.0,0.0,0.0,2936751.44,True
35061,Valencia,NM,75987,64.22,High,Largest 25%,12630609.56,0.0,23.0,0.0,0.0,0.0,27931398.03,True
48405,San Augustine,TX,7902,95.93,Very high,Smallest 25%,12523181.29,1.0,22.0,0.0,0.0,0.0,1149101.29,True
22067,Morehouse,LA,25583,97.93,Very high,Small-mid,12486176.35,1.0,50.0,16375.73,1.0,0.13,3448948.83,True
48319,Mason,TX,3946,91.86,Very high,Smallest 25%,11478607.83,1.0,24.0,0.0,0.0,0.0,1554133.3,True
26131,Ontonagon,MI,5803,66.16,High,Smallest 25%,11389099.33,0.0,7.0,5831.76,1.0,0.05,1337844.67,True
37165,Scotland,NC,34158,97.52,Very high,Mid-large,11341187.47,2.0,23.0,0.0,0.0,0.0,4607601.2,True
28085,Lincoln,MS,34886,82.57,Very high,Mid-large,11278194.07,0.0,49.0,0.0,1.0,0.0,3726188.57,True
12079,Madison,FL,17964,79.96,High,Small-mid,11133293.88,1.0,26.0,0.0,0.0,0.0,2379943.46,True
06091,Sierra,CA,3200,63.23,High,Smallest 25%,10998297.01,0.0,3.0,0.0,0.0,0.0,3637215.52,True
05003,Ashley,AR,19013,87.47,Very high,Small-mid,10886110.09,0.0,66.0,0.0,0.0,0.0,4004258.55,True
38063,Nelson,ND,3007,82.25,Very high,Smallest 25%,10773601.35,0.0,45.0,100075.17,1.0,0.93,457743.16,True
39075,Holmes,OH,44196,99.49,Very high,Mid-large,10653368.17,0.0,19.0,0.02,1.0,0.0,7422150.22,True
47111,Macon,TN,25211,69.12,High,Small-mid,10646708.13,0.0,34.0,0.0,0.0,0.0,2787748.84,True
26133,Osceola,MI,22885,73.89,High,Small-mid,10561900.07,0.0,8.0,0.0,0.0,0.0,3364944.52,True
26013,Baraga,MI,8148,77.0,High,Smallest 25%,10252876.35,0.0,7.0,0.0,0.0,0.0,1243676.64,True
28157,Wilkinson,MS,8585,99.59,Very high,Smallest 25%,10225813.38,0.0,13.0,0.0,0.0,0.0,2247467.69,True
26105,Mason,MI,29050,79.74,High,Mid-large,10169134.48,0.0,9.0,0.0,0.0,0.0,4357685.51,True
29229,Wright,MO,18138,85.53,Very high,Small-mid,10039369.47,7.0,255.0,0.0,0.0,0.0,3675825.32,True
13199,Meriwether,GA,20583,85.15,Very high,Small-mid,10000241.61,0.0,8.0,0.0,0.0,0.0,2780750.96,True
