FAT_YEARMONTH,FAT_DAY,FAT_TIME,FATALITY_ID,EVENT_ID,FATALITY_TYPE,FATALITY_DATE,FATALITY_AGE,FATALITY_SEX,FATALITY_LOCATION
202605,2,0,61562,1322710,"D","05/02/2026 00:00:00",17,"M","In Water"
202605,7,0,61564,1322935,"D","05/07/2026 00:00:00",,"M","In Water"
202605,16,0,61583,1324665,"D","05/16/2026 00:00:00",25,"M","In Water"
202605,17,0,61597,1324645,"D","05/17/2026 00:00:00",61,"M","Outside/Open Areas"
202605,26,0,61652,1331085,"I","05/26/2026 00:00:00",35,"F","Vehicle/Towed Trailer"
202605,26,0,61653,1331085,"I","05/26/2026 00:00:00",5,"M","Vehicle/Towed Trailer"
202605,28,0,61671,1333527,"D","05/28/2026 00:00:00",32,"M","In Water"
202605,23,0,61675,1333630,"D","05/23/2026 00:00:00",56,"F","Business"
202605,19,0,61697,1335052,"D","05/19/2026 00:00:00",64,"M","Under Tree"
202605,25,0,61753,1336791,"I","05/25/2026 00:00:00",21,"M","In Water"
202605,31,0,61754,1336799,"I","05/31/2026 00:00:00",15,"F","In Water"
202605,1,0,61757,1338751,"D","05/01/2026 00:00:00",32,"F","In Water"
202605,2,0,61769,1340626,"D","05/02/2026 00:00:00",40,"F","Outside/Open Areas"
202605,12,0,61771,1340638,"I","05/12/2026 00:00:00",53,"M","Mobile/Trailer Home"
202605,11,0,61772,1340635,"D","05/11/2026 00:00:00",51,"M","Outside/Open Areas"
202605,15,0,61773,1340645,"D","05/15/2026 00:00:00",21,"M","Outside/Open Areas"
202605,21,0,61774,1340647,"I","05/21/2026 00:00:00",67,"M","Outside/Open Areas"
202605,31,0,61775,1340648,"D","05/31/2026 00:00:00",19,"F","Outside/Open Areas"
202605,6,0,61788,1337235,"I","05/06/2026 00:00:00",25,"M","Vehicle/Towed Trailer"
202605,1,0,61794,1338671,"D","05/01/2026 00:00:00",27,"M","Outside/Open Areas"
202605,10,0,61795,1344072,"D","05/10/2026 00:00:00",49,"","In Water"
202605,10,0,61796,1344072,"D","05/10/2026 00:00:00",50,"","In Water"
202605,10,0,61797,1344072,"D","05/10/2026 00:00:00",58,"","In Water"
202603,30,0,61625,1325977,"D","03/30/2026 00:00:00",78,"M","Permanent Home"
202603,18,0,61626,1326577,"D","03/18/2026 00:00:00",56,"M","In Water"
202603,18,0,61627,1326580,"D","03/18/2026 00:00:00",22,"F","In Water"
202603,18,0,61628,1326580,"D","03/18/2026 00:00:00",22,"F","In Water"
202603,18,0,61629,1326600,"D","03/18/2026 00:00:00",23,"M","In Water"
202603,9,0,61631,1326613,"D","03/09/2026 00:00:00",23,"M","In Water"
202603,6,0,61640,1327906,"D","03/06/2026 00:00:00",,"F","Boating"
202604,4,0,61496,1317853,"D","04/04/2026 00:00:00",17,"M","Unknown"
202604,2,0,61503,1319344,"D","04/02/2026 00:00:00",56,"M","Vehicle/Towed Trailer"
202604,20,0,61507,1319676,"D","04/20/2026 00:00:00",61,"M","Camping"
202604,1,0,61641,1330152,"D","04/01/2026 00:00:00",36,"F","Outside/Open Areas"
202604,23,0,61643,1330153,"I","04/23/2026 00:00:00",59,"M","Outside/Open Areas"
202604,4,0,61644,1330155,"D","04/04/2026 00:00:00",87,"F","Outside/Open Areas"
202604,15,0,61674,1330627,"D","04/15/2026 00:00:00",43,"M","Outside/Open Areas"
202604,25,0,61694,1331444,"D","04/25/2026 00:00:00",51,"M","Mobile/Trailer Home"
202604,25,0,61710,1331456,"D","04/25/2026 00:00:00",69,"F","Mobile/Trailer Home"
202604,2,0,61661,1331471,"D","04/02/2026 00:00:00",24,"M","In Water"
202604,10,0,61660,1331487,"D","04/10/2026 00:00:00",26,"F","In Water"
202604,1,0,61667,1332900,"D","04/01/2026 00:00:00",,"","In Water"
202604,5,0,61668,1332901,"D","04/05/2026 00:00:00",50,"M","In Water"
202604,21,0,61684,1333730,"D","04/21/2026 00:00:00",44,"M","Unknown"
202604,17,0,61682,1334072,"D","04/17/2026 00:00:00",,"M","In Water"
202604,17,0,61687,1334912,"I","04/17/2026 00:00:00",43,"M","Vehicle/Towed Trailer"
202604,17,0,61688,1334912,"I","04/17/2026 00:00:00",31,"F","Vehicle/Towed Trailer"
202604,12,0,61731,1335877,"I","04/12/2026 00:00:00",,"M","Unknown"
202604,10,0,61733,1335877,"D","04/10/2026 00:00:00",,"M","Boating"
202604,10,0,61734,1335877,"D","04/10/2026 00:00:00",,"M","Boating"
202604,10,0,61735,1335877,"D","04/10/2026 00:00:00",,"M","Boating"
202604,10,0,61736,1335877,"D","04/10/2026 00:00:00",,"M","Boating"
202604,10,0,61737,1335877,"D","04/10/2026 00:00:00",,"M","Boating"
202604,10,0,61738,1335877,"D","04/10/2026 00:00:00",,"M","Boating"
202604,12,0,61732,1335877,"I","04/12/2026 00:00:00",,"F","Other"
202604,12,0,61730,1335877,"D","04/12/2026 00:00:00",,"M","Under Tree"
202607,1,0,61708,1335879,"I","07/01/2026 00:00:00",,"M","Permanent Home"
202607,1,0,61709,1335879,"I","07/01/2026 00:00:00",,"F","Permanent Home"
202604,25,0,61744,1336372,"D","04/25/2026 00:00:00",,"F","Unknown"
202604,25,0,61743,1336372,"D","04/25/2026 00:00:00",,"","Permanent Home"
202601,30,0,61427,1313042,"I","01/30/2026 00:00:00",83,"M","Permanent Home"
202601,27,0,61376,1313075,"D","01/27/2026 00:00:00",80,"F","Outside/Open Areas"
202601,27,0,61375,1313075,"D","01/27/2026 00:00:00",65,"F","Permanent Home"
202601,27,0,61377,1313077,"D","01/27/2026 00:00:00",76,"M","Permanent Home"
202601,27,0,61378,1313077,"D","01/27/2026 00:00:00",65,"M","Vehicle/Towed Trailer"
202601,27,0,61441,1313082,"D","01/27/2026 00:00:00",48,"M","Vehicle/Towed Trailer"
202601,24,0,61383,1313083,"D","01/24/2026 00:00:00",73,"M","Mobile/Trailer Home"
202601,27,0,61374,1313085,"D","01/27/2026 00:00:00",83,"M","Outside/Open Areas"
202601,27,0,61379,1313104,"I","01/27/2026 00:00:00",75,"M","Permanent Home"
202601,27,0,61380,1313104,"I","01/27/2026 00:00:00",68,"M","Permanent Home"
202601,27,0,61381,1313104,"I","01/27/2026 00:00:00",41,"M","Permanent Home"
202601,11,0,61385,1313246,"I","01/11/2026 00:00:00",34,"F","Vehicle/Towed Trailer"
202601,25,0,61403,1313320,"I","01/25/2026 00:00:00",16,"F","Outside/Open Areas"
202601,28,0,61404,1313320,"I","01/28/2026 00:00:00",16,"F","Outside/Open Areas"
202601,31,0,61443,1313380,"D","01/31/2026 00:00:00",61,"M","Permanent Home"
202601,31,0,61445,1313697,"I","01/31/2026 00:00:00",75,"F","Outside/Open Areas"
202601,31,0,61386,1314042,"D","01/31/2026 00:00:00",29,"M","Vehicle/Towed Trailer"
202601,24,0,61392,1314406,"D","01/24/2026 00:00:00",61,"M","Permanent Home"
202601,24,0,61393,1314406,"D","01/24/2026 00:00:00",69,"F","Permanent Home"
202601,24,0,61405,1314415,"D","01/24/2026 00:00:00",43,"M","Outside/Open Areas"
202601,9,0,61394,1314555,"D","01/09/2026 00:00:00",,"","Outside/Open Areas"
202601,9,0,61395,1314555,"D","01/09/2026 00:00:00",,"","Outside/Open Areas"
202601,30,0,61431,1314734,"I","01/30/2026 00:00:00",,"","Unknown"
202601,30,0,61430,1314744,"I","01/30/2026 00:00:00",,"","Unknown"
202601,30,0,61432,1314750,"I","01/30/2026 00:00:00",,"","Unknown"
202601,26,0,61407,1314770,"I","01/26/2026 00:00:00",6,"M","Outside/Open Areas"
202601,26,0,61408,1314770,"I","01/26/2026 00:00:00",8,"M","Outside/Open Areas"
202601,26,0,61409,1314770,"I","01/26/2026 00:00:00",9,"M","Outside/Open Areas"
202601,25,0,61440,1312991,"D","01/25/2026 00:00:00",50,"M","Outside/Open Areas"
202601,25,0,61416,1314948,"I","01/25/2026 00:00:00",78,"M","Outside/Open Areas"
202601,24,0,61414,1314948,"I","01/24/2026 00:00:00",78,"M","Permanent Home"
202601,24,0,61415,1314948,"I","01/24/2026 00:00:00",77,"F","Permanent Home"
202601,24,0,61433,1315036,"I","01/24/2026 00:00:00",,"","Unknown"
202601,24,0,61434,1315036,"I","01/24/2026 00:00:00",,"","Unknown"
202601,24,0,61435,1315036,"I","01/24/2026 00:00:00",,"","Unknown"
202601,24,0,61436,1315041,"I","01/24/2026 00:00:00",,"","Unknown"
202601,24,0,61437,1315046,"I","01/24/2026 00:00:00",,"","Unknown"
202601,24,0,61438,1315046,"I","01/24/2026 00:00:00",,"","Unknown"
202601,24,0,61439,1315047,"I","01/24/2026 00:00:00",,"","Unknown"
202601,26,0,61447,1315311,"D","01/26/2026 00:00:00",78,"F","Outside/Open Areas"
202601,27,0,61452,1315557,"I","01/27/2026 00:00:00",71,"F","Permanent Home"
202601,27,0,61455,1315578,"D","01/27/2026 00:00:00",71,"M","Permanent Home"
202601,25,0,61460,1315579,"D","01/25/2026 00:00:00",66,"M","Outside/Open Areas"
202601,26,0,61451,1315584,"I","01/26/2026 00:00:00",22,"M","Permanent Home"
202601,26,0,61448,1315590,"I","01/26/2026 00:00:00",71,"M","Permanent Home"
202601,26,0,61458,1315592,"I","01/26/2026 00:00:00",,"F","Permanent Home"
202601,30,0,61453,1315601,"I","01/30/2026 00:00:00",69,"M","Permanent Home"
202601,31,0,61459,1315603,"D","01/31/2026 00:00:00",,"F","Outside/Open Areas"
202601,31,0,61457,1315604,"D","01/31/2026 00:00:00",67,"F","Permanent Home"
202602,18,0,61219,1306271,"I","02/18/2026 00:00:00",,"","Vehicle/Towed Trailer"
202602,18,0,61220,1306271,"I","02/18/2026 00:00:00",,"","Vehicle/Towed Trailer"
202602,10,0,61240,1307820,"D","02/10/2026 00:00:00",28,"M","Vehicle/Towed Trailer"
202602,17,0,61242,1307837,"D","02/17/2026 00:00:00",28,"M","Vehicle/Towed Trailer"
202602,22,0,61255,1308346,"D","02/22/2026 00:00:00",71,"F","Outside/Open Areas"
202602,18,0,61298,1306275,"D","02/18/2026 00:00:00",,"M","Outside/Open Areas"
202602,19,0,61299,1306253,"D","02/19/2026 00:00:00",11,"F","Outside/Open Areas"
202602,21,0,61301,1310038,"D","02/21/2026 00:00:00",,"","Outside/Open Areas"
202602,22,0,61302,1306850,"D","02/22/2026 00:00:00",45,"M","Outside/Open Areas"
202602,23,0,61308,1310157,"I","02/23/2026 00:00:00",,"M","Outside/Open Areas"
202602,23,0,61309,1310157,"I","02/23/2026 00:00:00",,"M","Outside/Open Areas"
202602,23,0,61310,1310157,"I","02/23/2026 00:00:00",,"M","Outside/Open Areas"
202602,23,0,61314,1310162,"D","02/23/2026 00:00:00",,"M","Outside/Open Areas"
202602,23,0,61315,1310162,"I","02/23/2026 00:00:00",,"M","Outside/Open Areas"
202602,23,0,61316,1310162,"I","02/23/2026 00:00:00",,"M","Outside/Open Areas"
202602,23,0,61326,1309227,"I","02/23/2026 00:00:00",21,"M","Vehicle/Towed Trailer"
202602,14,0,61400,1314932,"I","02/14/2026 00:00:00",,"","Vehicle/Towed Trailer"
202602,14,0,61401,1314932,"I","02/14/2026 00:00:00",,"","Vehicle/Towed Trailer"
202602,14,0,61402,1314932,"I","02/14/2026 00:00:00",,"","Vehicle/Towed Trailer"
202602,17,0,61473,1316161,"D","02/17/2026 00:00:00",,"","Outside/Open Areas"
202602,17,0,61474,1316161,"D","02/17/2026 00:00:00",,"","Outside/Open Areas"
202602,17,0,61475,1316161,"D","02/17/2026 00:00:00",,"","Outside/Open Areas"
202602,17,0,61476,1316161,"D","02/17/2026 00:00:00",,"","Outside/Open Areas"
202602,17,0,61477,1316161,"D","02/17/2026 00:00:00",,"","Outside/Open Areas"
202602,17,0,61478,1316161,"D","02/17/2026 00:00:00",,"","Outside/Open Areas"
202602,17,0,61479,1316161,"D","02/17/2026 00:00:00",,"","Outside/Open Areas"
202602,17,0,61480,1316161,"D","02/17/2026 00:00:00",,"","Outside/Open Areas"
202602,17,0,61481,1316161,"D","02/17/2026 00:00:00",,"","Outside/Open Areas"
202602,2,0,61486,1316432,"D","02/02/2026 00:00:00",85,"F","Permanent Home"
202602,17,0,61498,1318218,"I","02/17/2026 00:00:00",64,"M","Outside/Open Areas"
202602,1,0,61499,1317136,"D","02/01/2026 00:00:00",82,"M","Permanent Home"
202602,4,0,61500,1317104,"I","02/04/2026 00:00:00",60,"","Permanent Home"
202602,6,0,61510,1320018,"I","02/06/2026 00:00:00",38,"F","Vehicle/Towed Trailer"
202602,9,0,61513,1320145,"D","02/09/2026 00:00:00",31,"M","In Water"
202602,9,0,61514,1320145,"D","02/09/2026 00:00:00",31,"F","In Water"
202602,19,0,61517,1320149,"D","02/19/2026 00:00:00",38,"M","In Water"
202602,22,0,61520,1320376,"I","02/22/2026 00:00:00",,"","Unknown"
202602,1,0,61528,1320097,"D","02/01/2026 00:00:00",60,"M","Unknown"
202602,2,0,61529,1320194,"D","02/02/2026 00:00:00",85,"M","Unknown"
202602,1,0,61530,1319611,"I","02/01/2026 00:00:00",30,"M","Vehicle/Towed Trailer"
202602,10,0,61542,1320766,"D","02/10/2026 00:00:00",32,"F","Vehicle/Towed Trailer"
202602,22,0,61543,1320942,"I","02/22/2026 00:00:00",21,"M","Vehicle/Towed Trailer"
202602,17,0,61555,1322122,"D","02/17/2026 00:00:00",,"","Vehicle/Towed Trailer"
202603,5,0,61293,1309606,"I","03/05/2026 00:00:00",47,"F","Vehicle/Towed Trailer"
202603,13,0,61482,1316246,"I","03/13/2026 00:00:00",,"","Vehicle/Towed Trailer"
202601,28,0,61461,1315816,"I","01/28/2026 00:00:00",32,"F","Outside/Open Areas"
202601,26,0,61462,1315851,"I","01/26/2026 00:00:00",77,"M","Outside/Open Areas"
202601,31,0,61472,1315854,"I","01/31/2026 00:00:00",59,"M","Outside/Open Areas"
202602,5,0,61466,1315856,"I","02/05/2026 00:00:00",92,"M","Unknown"
202601,31,0,61465,1315856,"I","01/31/2026 00:00:00",64,"M","Permanent Home"
202601,24,0,61467,1315861,"I","01/24/2026 00:00:00",56,"M","Outside/Open Areas"
202602,5,0,61468,1315861,"I","02/05/2026 00:00:00",,"","Outside/Open Areas"
202602,2,0,61469,1315867,"I","02/02/2026 00:00:00",69,"F","Outside/Open Areas"
202601,11,0,61470,1315893,"I","01/11/2026 00:00:00",84,"F","Unknown"
202603,15,0,61488,1316954,"D","03/15/2026 00:00:00",33,"M","In Water"
202603,6,0,61637,1317678,"D","03/06/2026 00:00:00",12,"M","Permanent Home"
202603,6,0,61493,1317686,"D","03/06/2026 00:00:00",54,"F","Unknown"
202603,6,0,61494,1317686,"D","03/06/2026 00:00:00",63,"M","Unknown"
202603,6,0,61495,1317686,"D","03/06/2026 00:00:00",65,"F","Mobile/Trailer Home"
202603,13,0,61552,1320470,"D","03/13/2026 00:00:00",61,"M","Permanent Home"
202603,10,0,61594,1320573,"D","03/10/2026 00:00:00",65,"M","Permanent Home"
202603,10,0,61595,1320574,"D","03/10/2026 00:00:00",89,"M","Permanent Home"
202603,10,0,61596,1320574,"D","03/10/2026 00:00:00",86,"F","Permanent Home"
202603,6,0,61580,1320947,"D","03/06/2026 00:00:00",68,"M","Mobile/Trailer Home"
202603,6,0,61581,1320947,"D","03/06/2026 00:00:00",65,"F","Mobile/Trailer Home"
202603,7,0,61553,1322091,"D","03/07/2026 00:00:00",,"M","Outside/Open Areas"
202603,12,0,61561,1322523,"D","03/12/2026 00:00:00",86,"F","Unknown"
202603,5,0,61584,1324861,"D","03/05/2026 00:00:00",47,"F","Vehicle/Towed Trailer"
202603,5,0,61585,1324861,"D","03/05/2026 00:00:00",13,"F","Vehicle/Towed Trailer"
202603,21,0,61587,1324867,"D","03/21/2026 00:00:00",37,"F","In Water"
202603,18,0,61589,1325073,"D","03/18/2026 00:00:00",41,"M","Unknown"
202603,6,0,61635,1325868,"D","03/06/2026 00:00:00",55,"M","Boating"
202603,9,0,61632,1325899,"D","03/09/2026 00:00:00",82,"M","Vehicle/Towed Trailer"
202603,9,0,61633,1325902,"D","03/09/2026 00:00:00",35,"M","Vehicle/Towed Trailer"
202603,9,0,61634,1325902,"D","03/09/2026 00:00:00",21,"F","Vehicle/Towed Trailer"
202603,19,0,61620,1325964,"D","03/19/2026 00:00:00",85,"F","Outside/Open Areas"
202603,23,0,61621,1325970,"D","03/23/2026 00:00:00",73,"M","Outside/Open Areas"
202603,24,0,61622,1325975,"D","03/24/2026 00:00:00",24,"M","Outside/Open Areas"
202603,29,0,61624,1325976,"I","03/29/2026 00:00:00",76,"M","Outside/Open Areas"
202601,1,0,60570,1299403,"D","01/01/2026 00:00:00",53,"M","In Water"
202601,18,0,60590,1300742,"D","01/18/2026 00:00:00",21,"M","In Water"
202601,16,0,60592,1300820,"D","01/16/2026 00:00:00",27,"M","Vehicle/Towed Trailer"
202601,16,0,60593,1300820,"D","01/16/2026 00:00:00",28,"M","Vehicle/Towed Trailer"
202601,1,0,60596,1300915,"D","01/01/2026 00:00:00",4,"M","Outside/Open Areas"
202601,20,0,60950,1302337,"D","01/20/2026 00:00:00",49,"M","Outside/Open Areas"
202601,24,0,61325,1303365,"I","01/24/2026 00:00:00",,"","Unknown"
202601,24,0,61320,1303369,"I","01/24/2026 00:00:00",39,"M","Other"
202601,24,0,61321,1303369,"I","01/24/2026 00:00:00",92,"M","Other"
202601,24,0,61322,1303369,"I","01/24/2026 00:00:00",79,"F","Other"
202601,24,0,61319,1303369,"I","01/24/2026 00:00:00",46,"F","Outside/Open Areas"
202601,25,0,61157,1303424,"I","01/25/2026 00:00:00",67,"M","Outside/Open Areas"
202601,25,0,61160,1303449,"I","01/25/2026 00:00:00",,"M","Outside/Open Areas"
202601,25,0,61161,1303454,"I","01/25/2026 00:00:00",,"M","Outside/Open Areas"
202601,24,0,61323,1303540,"I","01/24/2026 00:00:00",,"","Unknown"
202601,24,0,61324,1303540,"I","01/24/2026 00:00:00",,"","Unknown"
202601,25,0,61185,1303971,"D","01/25/2026 00:00:00",7,"M","Vehicle/Towed Trailer"
202601,28,0,61212,1305025,"I","01/28/2026 00:00:00",84,"M","Permanent Home"
202601,26,0,61248,1306214,"D","01/26/2026 00:00:00",,"","Outside/Open Areas"
202601,26,0,61249,1306214,"D","01/26/2026 00:00:00",,"","Outside/Open Areas"
202601,30,0,61245,1308055,"I","01/30/2026 00:00:00",,"","Vehicle/Towed Trailer"
202601,20,0,61246,1308056,"I","01/20/2026 00:00:00",,"","Vehicle/Towed Trailer"
202601,2,0,61247,1308095,"D","01/02/2026 00:00:00",,"F","Unknown"
202601,22,0,61256,1308471,"I","01/22/2026 00:00:00",,"","Vehicle/Towed Trailer"
202601,5,0,61257,1308567,"D","01/05/2026 00:00:00",,"","Outside/Open Areas"
202601,24,0,61356,1309283,"I","01/24/2026 00:00:00",46,"M","Vehicle/Towed Trailer"
202601,23,0,61337,1309767,"D","01/23/2026 00:00:00",19,"M","Outside/Open Areas"
202601,24,0,61387,1309875,"I","01/24/2026 00:00:00",59,"F","Outside/Open Areas"
202601,11,0,61384,1309972,"I","01/11/2026 00:00:00",19,"M","Vehicle/Towed Trailer"
202601,25,0,61295,1310019,"D","01/25/2026 00:00:00",60,"","Outside/Open Areas"
202601,25,0,61296,1310019,"D","01/25/2026 00:00:00",84,"","Outside/Open Areas"
202601,25,0,61297,1310019,"D","01/25/2026 00:00:00",,"","Outside/Open Areas"
202601,18,0,61327,1310533,"D","01/18/2026 00:00:00",72,"F","Outside/Open Areas"
202601,18,0,61328,1310533,"D","01/18/2026 00:00:00",46,"M","Outside/Open Areas"
202601,16,0,61329,1310961,"I","01/16/2026 00:00:00",,"","Unknown"
202601,16,0,61330,1310961,"I","01/16/2026 00:00:00",,"","Unknown"
202601,18,0,61331,1310972,"I","01/18/2026 00:00:00",,"","Unknown"
202601,3,0,61332,1311187,"D","01/03/2026 00:00:00",61,"M","In Water"
202601,16,0,61333,1311555,"I","01/16/2026 00:00:00",56,"M","Vehicle/Towed Trailer"
202601,21,0,61340,1311627,"I","01/21/2026 00:00:00",57,"F","Vehicle/Towed Trailer"
202601,24,0,61369,1312326,"D","01/24/2026 00:00:00",63,"M","Outside/Open Areas"
202601,24,0,61370,1312326,"D","01/24/2026 00:00:00",,"M","Outside/Open Areas"
202601,26,0,61362,1312329,"I","01/26/2026 00:00:00",86,"M","Permanent Home"
202601,27,0,61363,1312329,"D","01/27/2026 00:00:00",74,"M","Permanent Home"
202601,26,0,61364,1312329,"I","01/26/2026 00:00:00",79,"F","Permanent Home"
202601,27,0,61367,1312331,"D","01/27/2026 00:00:00",65,"M","Permanent Home"
202601,27,0,61368,1312337,"D","01/27/2026 00:00:00",59,"F","Permanent Home"
202601,28,0,61425,1312849,"I","01/28/2026 00:00:00",82,"M","Outside/Open Areas"
202601,29,0,61423,1312945,"I","01/29/2026 00:00:00",,"M","Permanent Home"
202601,28,0,61424,1312945,"I","01/28/2026 00:00:00",,"M","Permanent Home"
202601,25,0,61373,1312988,"I","01/25/2026 00:00:00",55,"F","Outside/Open Areas"
202606,10,0,61713,1330830,"D","06/10/2026 00:00:00",21,"F","In Water"
202606,10,0,61714,1330830,"D","06/10/2026 00:00:00",20,"F","In Water"
202606,11,0,61711,1336013,"D","06/11/2026 00:00:00",,"F","Outside/Open Areas"
202606,11,0,61712,1336016,"D","06/11/2026 00:00:00",37,"F","Outside/Open Areas"
202606,14,0,61860,1337830,"D","06/14/2026 00:00:00",22,"M","Vehicle/Towed Trailer"
202606,14,0,61752,1337882,"D","06/14/2026 00:00:00",49,"F","In Water"
202606,14,0,61857,1339105,"D","06/14/2026 00:00:00",19,"F","In Water"
202606,14,0,61858,1339105,"D","06/14/2026 00:00:00",17,"F","In Water"
202606,14,0,61859,1339105,"D","06/14/2026 00:00:00",40,"F","In Water"
202606,13,0,61862,1341365,"I","06/13/2026 00:00:00",68,"M","Permanent Home"
202606,13,0,61863,1341365,"I","06/13/2026 00:00:00",65,"F","Permanent Home"
202606,6,0,61779,1341743,"D","06/06/2026 00:00:00",24,"M","Boating"
202606,16,0,61780,1341881,"D","06/16/2026 00:00:00",15,"","Outside/Open Areas"
202606,17,0,61782,1342085,"I","06/17/2026 00:00:00",75,"M","Vehicle/Towed Trailer"
202606,14,0,61789,1342442,"D","06/14/2026 00:00:00",46,"M","Vehicle/Towed Trailer"
202606,2,0,61868,1350132,"I","06/02/2026 00:00:00",75,"M","Outside/Open Areas"
202606,2,0,61869,1350132,"D","06/02/2026 00:00:00",76,"M","Outside/Open Areas"
202606,3,0,61870,1350133,"D","06/03/2026 00:00:00",48,"M","Outside/Open Areas"
202606,4,0,61871,1350137,"D","06/04/2026 00:00:00",,"M","Outside/Open Areas"
202606,5,0,61874,1350139,"I","06/05/2026 00:00:00",68,"M","Mobile/Trailer Home"
202606,6,0,61873,1350140,"I","06/06/2026 00:00:00",26,"M","Other"
202606,15,0,61875,1350816,"D","06/15/2026 00:00:00",53,"F","Vehicle/Towed Trailer"
202606,21,0,61877,1351271,"D","06/21/2026 00:00:00",64,"M","Permanent Home"
202606,8,0,62880,1352489,"D","06/08/2026 00:00:00",61,"M","Outside/Open Areas"
202606,9,0,62883,1352491,"I","06/09/2026 00:00:00",34,"M","Outside/Open Areas"
202606,10,0,62884,1352500,"I","06/10/2026 00:00:00",43,"M","Outside/Open Areas"
202606,12,0,62885,1352527,"D","06/12/2026 00:00:00",22,"F","Outside/Open Areas"
202606,12,0,62886,1352530,"I","06/12/2026 00:00:00",61,"M","Permanent Home"
202606,12,0,62887,1352533,"I","06/12/2026 00:00:00",77,"M","Mobile/Trailer Home"
202606,12,0,62888,1352533,"I","06/12/2026 00:00:00",60,"M","Vehicle/Towed Trailer"
202606,13,0,62893,1352538,"I","06/13/2026 00:00:00",77,"F","Mobile/Trailer Home"
202606,13,0,62889,1352538,"D","06/13/2026 00:00:00",47,"M","Outside/Open Areas"
202606,13,0,62890,1352538,"I","06/13/2026 00:00:00",41,"M","Outside/Open Areas"
202606,13,0,62891,1352538,"I","06/13/2026 00:00:00",53,"M","Outside/Open Areas"
202606,13,0,62892,1352538,"D","06/13/2026 00:00:00",71,"F","Outside/Open Areas"
202606,15,0,62901,1352542,"I","06/15/2026 00:00:00",74,"M","Mobile/Trailer Home"
202606,15,0,62900,1352542,"I","06/15/2026 00:00:00",83,"M","Permanent Home"
202606,14,0,62898,1352553,"D","06/14/2026 00:00:00",34,"M","Outside/Open Areas"
202606,14,0,62904,1352576,"D","06/14/2026 00:00:00",63,"F","Permanent Home"
202606,15,0,62906,1352577,"D","06/15/2026 00:00:00",25,"F","Outside/Open Areas"
202606,16,0,62903,1352592,"D","06/16/2026 00:00:00",82,"F","Mobile/Trailer Home"
202606,16,0,62902,1352592,"D","06/16/2026 00:00:00",69,"M","Outside/Open Areas"
202606,16,0,62905,1352596,"D","06/16/2026 00:00:00",29,"M","Outside/Open Areas"
202606,17,0,62907,1352599,"D","06/17/2026 00:00:00",25,"M","Outside/Open Areas"
202606,19,0,62910,1352615,"I","06/19/2026 00:00:00",36,"M","Outside/Open Areas"
202606,16,0,62909,1353405,"D","06/16/2026 00:00:00",81,"F","Permanent Home"
202606,20,0,62911,1353655,"I","06/20/2026 00:00:00",77,"F","Permanent Home"
202606,20,0,62912,1353658,"D","06/20/2026 00:00:00",,"F","Outside/Open Areas"
202606,22,0,62913,1353696,"I","06/22/2026 00:00:00",54,"M","Mobile/Trailer Home"
202606,22,0,62914,1353696,"I","06/22/2026 00:00:00",50,"M","Mobile/Trailer Home"
202606,22,0,62915,1353696,"I","06/22/2026 00:00:00",64,"M","Outside/Open Areas"
202606,22,0,62916,1353696,"I","06/22/2026 00:00:00",56,"M","Outside/Open Areas"
202606,22,0,62917,1353696,"I","06/22/2026 00:00:00",84,"M","Permanent Home"
202606,23,0,62918,1353745,"D","06/23/2026 00:00:00",75,"F","Outside/Open Areas"
202606,24,0,62924,1353755,"D","06/24/2026 00:00:00",79,"M","Mobile/Trailer Home"
202606,24,0,62923,1353755,"D","06/24/2026 00:00:00",80,"M","Outside/Open Areas"
202606,24,0,62921,1353769,"D","06/24/2026 00:00:00",77,"F","Mobile/Trailer Home"
202606,26,0,62922,1353772,"I","06/26/2026 00:00:00",49,"M","Permanent Home"
202606,27,0,62929,1353780,"D","06/27/2026 00:00:00",70,"M","Mobile/Trailer Home"
202606,27,0,62928,1353780,"I","06/27/2026 00:00:00",40,"M","Outside/Open Areas"
202606,29,0,62927,1353827,"I","06/29/2026 00:00:00",66,"M","Outside/Open Areas"
202606,30,0,62930,1353830,"I","06/30/2026 00:00:00",36,"M","Outside/Open Areas"
202606,30,0,62931,1353830,"D","06/30/2026 00:00:00",66,"F","Outside/Open Areas"
202606,18,0,62933,1353943,"D","06/18/2026 00:00:00",44,"F","Outside/Open Areas"
202606,12,0,63019,1356607,"D","06/12/2026 00:00:00",85,"M","Other"
202606,9,0,62965,1356758,"D","06/09/2026 00:00:00",5,"F","Outside/Open Areas"
202606,27,0,62998,1357858,"D","06/27/2026 00:00:00",73,"M","Vehicle/Towed Trailer"
202606,27,0,62999,1357859,"D","06/27/2026 00:00:00",51,"F","Permanent Home"
202606,27,0,63000,1357859,"D","06/27/2026 00:00:00",57,"M","Permanent Home"
202606,28,0,63002,1357871,"I","06/28/2026 00:00:00",,"M","In Water"
202606,15,0,63035,1360832,"D","06/15/2026 00:00:00",47,"M","Unknown"
202606,15,0,63036,1360832,"D","06/15/2026 00:00:00",64,"M","Unknown"
202606,15,0,63037,1360832,"D","06/15/2026 00:00:00",82,"M","Unknown"
202606,13,0,63038,1360833,"D","06/13/2026 00:00:00",70,"F","Unknown"
202603,11,0,61802,1323870,"I","03/11/2026 00:00:00",,"","Vehicle/Towed Trailer"
202603,11,0,61804,1344396,"I","03/11/2026 00:00:00",,"","Vehicle/Towed Trailer"
202603,11,0,61805,1344398,"I","03/11/2026 00:00:00",,"","Vehicle/Towed Trailer"
