year,L1 Local,L2 Small,L3 Medium,L4 Large,L5 Extreme
1999,13.0,27.1,10.8,46.7,2.5
2000,19.3,40.9,22.2,14.9,2.8
2001,28.8,14.5,9.8,24.2,22.6
2002,44.6,8.3,24.3,18.5,4.4
2003,54.3,8.0,10.0,12.9,14.9
2004,50.6,13.9,8.8,8.4,18.4
2005,45.2,35.5,9.9,6.2,3.2
2006,60.2,13.1,4.6,15.8,6.2
2007,4.4,8.2,6.0,31.1,50.3
2008,6.6,12.6,14.0,9.1,57.8
2009,8.2,13.5,28.9,14.2,35.2
2010,4.3,3.5,8.6,20.2,63.4
2011,0.5,14.4,30.8,7.4,47.0
2012,2.3,15.6,25.1,42.5,14.6
2013,2.3,3.3,12.2,30.1,52.1
2014,2.8,9.2,7.0,76.8,4.3
2015,4.6,6.0,4.3,13.2,71.9
2016,0.3,3.2,1.8,20.0,74.7
2017,0.2,1.4,0.8,13.1,84.4
2018,3.5,4.9,15.4,24.6,51.6
2019,3.2,5.8,22.3,14.8,53.9
2020,35.1,6.6,41.7,2.3,14.3
2021,1.7,2.1,34.7,11.0,50.4
2022,1.7,3.1,7.7,0.5,87.0
2023,1.8,6.8,48.3,12.7,30.3
2024,0.8,1.2,14.2,27.3,56.6
2025,2.1,5.4,2.6,48.8,41.1
