STATE,L1 Local,L2 Small,L3 Medium,L4 Large,L5 Extreme
TEXAS,207497253.0,761976963.0,1052991477.0,8429792661.0,57161915163.0
LOUISIANA,67964700.0,271444688.0,922523703.0,3394484433.0,10171039190.0
TENNESSEE,371847472.0,24929237.0,3115500254.0,215218890.0,3937052662.0
NEW YORK,1967799089.0,163875918.0,582199056.0,154501250.0,2369804176.0
FLORIDA,157856812.0,1803466017.0,379714249.0,1088167272.0,1350769874.0
CALIFORNIA,1309414267.0,1018292916.0,647784594.0,664444229.0,751361100.0
MICHIGAN,203601836.0,168946652.0,954555792.0,2687241365.0,358868415.0
NORTH CAROLINA,273666241.0,62501850.0,595631738.0,346410701.0,3012877381.0
PENNSYLVANIA,1754903847.0,520576018.0,119408034.0,247375965.0,1010779520.0
NEW JERSEY,155840111.0,157573322.0,495187470.0,1320716340.0,1447816060.0
ILLINOIS,103806029.0,296562367.0,974509210.0,1937823013.0,163822056.0
IOWA,178148043.0,191725314.0,206975911.0,292899075.0,2024390034.0
OHIO,210884003.0,239153407.0,365745805.0,1213270845.0,755564759.0
MISSISSIPPI,36611647.0,1549279782.0,63842050.0,121445500.0,635471495.0
VERMONT,18884628.0,19654138.0,30622774.0,204000648.0,1971135998.0
